{"logit": {"ce": {"layer_0": 7.707711696624756, "layer_1": 5.618807792663574, "layer_2": 4.236011028289795, "layer_3": 3.427037477493286, "layer_4": 2.8196728229522705, "layer_5": 2.430675983428955, "layer_6": 2.1811420917510986, "layer_7": 1.9833136796951294, "layer_8": 1.8769323825836182, "layer_9": 1.548642635345459, "layer_10": 1.388158917427063, "layer_11": 0.9228085875511169}, "entropy": {"layer_0": 0.44015267491340637, "layer_1": 0.6398475766181946, "layer_2": 0.898007869720459, "layer_3": 0.9677864909172058, "layer_4": 1.279650092124939, "layer_5": 1.0487298965454102, "layer_6": 1.0666719675064087, "layer_7": 0.9108644723892212, "layer_8": 0.6993294954299927, "layer_9": 0.7118701934814453, "layer_10": 0.5543772578239441, "layer_11": 0.9172767400741577}, "kl": {"layer_0": 6.782959938049316, "layer_1": 4.696868419647217, "layer_2": 3.3142011165618896, "layer_3": 2.5034656524658203, "layer_4": 1.895313024520874, "layer_5": 1.507444143295288, "layer_6": 1.2558492422103882, "layer_7": 1.0571637153625488, "layer_8": 0.9506853818893433, "layer_9": 0.6225931644439697, "layer_10": 0.4648292660713196, "layer_11": 0.0}, "layer_transfer": {"ce": {"layer_0": {"layer_0": 7.707711696624756, "layer_1": 5.618807792663574, "layer_2": 4.236011028289795, "layer_3": 3.427037477493286, "layer_4": 2.8196728229522705, "layer_5": 2.430675983428955, "layer_6": 2.1811420917510986, "layer_7": 1.9833136796951294, "layer_8": 1.8769325017929077, "layer_9": 1.548642635345459, "layer_10": 1.388158917427063, "layer_11": 0.9228085875511169}, "layer_1": {"layer_0": 7.707711696624756, "layer_1": 5.618807792663574, "layer_2": 4.236011028289795, "layer_3": 3.427037477493286, "layer_4": 2.8196728229522705, "layer_5": 2.430675983428955, "layer_6": 2.1811420917510986, "layer_7": 1.9833136796951294, "layer_8": 1.8769325017929077, "layer_9": 1.548642635345459, "layer_10": 1.388158917427063, "layer_11": 0.9228085875511169}, "layer_2": {"layer_0": 7.707711696624756, "layer_1": 5.618807792663574, "layer_2": 4.236011028289795, "layer_3": 3.427037477493286, "layer_4": 2.8196728229522705, "layer_5": 2.430675983428955, "layer_6": 2.1811420917510986, "layer_7": 1.9833136796951294, "layer_8": 1.8769325017929077, "layer_9": 1.548642635345459, "layer_10": 1.388158917427063, "layer_11": 0.9228085875511169}, "layer_3": {"layer_0": 7.707711696624756, "layer_1": 5.618807792663574, "layer_2": 4.236011028289795, "layer_3": 3.427037477493286, "layer_4": 2.8196728229522705, "layer_5": 2.430675983428955, "layer_6": 2.1811420917510986, "layer_7": 1.9833136796951294, "layer_8": 1.8769325017929077, "layer_9": 1.548642635345459, "layer_10": 1.388158917427063, "layer_11": 0.9228085875511169}, "layer_4": {"layer_0": 7.707711696624756, "layer_1": 5.618807792663574, "layer_2": 4.236011028289795, "layer_3": 3.427037477493286, "layer_4": 2.8196728229522705, "layer_5": 2.430675983428955, "layer_6": 2.1811420917510986, "layer_7": 1.9833136796951294, "layer_8": 1.8769325017929077, "layer_9": 1.548642635345459, "layer_10": 1.388158917427063, "layer_11": 0.9228085875511169}, "layer_5": {"layer_0": 7.707711696624756, "layer_1": 5.618807792663574, "layer_2": 4.236011028289795, "layer_3": 3.427037477493286, "layer_4": 2.8196728229522705, "layer_5": 2.430675983428955, "layer_6": 2.1811420917510986, "layer_7": 1.9833136796951294, "layer_8": 1.8769325017929077, "layer_9": 1.548642635345459, "layer_10": 1.388158917427063, "layer_11": 0.9228085875511169}, "layer_6": {"layer_0": 7.707711696624756, "layer_1": 5.618807792663574, "layer_2": 4.236011028289795, "layer_3": 3.427037477493286, "layer_4": 2.8196728229522705, "layer_5": 2.430675983428955, "layer_6": 2.1811420917510986, "layer_7": 1.9833136796951294, "layer_8": 1.8769325017929077, "layer_9": 1.548642635345459, "layer_10": 1.388158917427063, "layer_11": 0.9228085875511169}, "layer_7": {"layer_0": 7.707711696624756, "layer_1": 5.618807792663574, "layer_2": 4.236011028289795, "layer_3": 3.427037477493286, "layer_4": 2.8196728229522705, "layer_5": 2.430675983428955, "layer_6": 2.1811420917510986, "layer_7": 1.9833136796951294, "layer_8": 1.8769325017929077, "layer_9": 1.548642635345459, "layer_10": 1.388158917427063, "layer_11": 0.9228085875511169}, "layer_8": {"layer_0": 7.707711696624756, "layer_1": 5.618807792663574, "layer_2": 4.236011028289795, "layer_3": 3.427037477493286, "layer_4": 2.8196728229522705, "layer_5": 2.430675983428955, "layer_6": 2.1811420917510986, "layer_7": 1.9833136796951294, "layer_8": 1.8769325017929077, "layer_9": 1.548642635345459, "layer_10": 1.388158917427063, "layer_11": 0.9228085875511169}, "layer_9": {"layer_0": 7.707711696624756, "layer_1": 5.618807792663574, "layer_2": 4.236011028289795, "layer_3": 3.427037477493286, "layer_4": 2.8196728229522705, "layer_5": 2.430675983428955, "layer_6": 2.1811420917510986, "layer_7": 1.9833136796951294, "layer_8": 1.8769325017929077, "layer_9": 1.548642635345459, "layer_10": 1.388158917427063, "layer_11": 0.9228085875511169}, "layer_10": {"layer_0": 7.707711696624756, "layer_1": 5.618807792663574, "layer_2": 4.236011028289795, "layer_3": 3.427037477493286, "layer_4": 2.8196728229522705, "layer_5": 2.430675983428955, "layer_6": 2.1811420917510986, "layer_7": 1.9833136796951294, "layer_8": 1.8769325017929077, "layer_9": 1.548642635345459, "layer_10": 1.388158917427063, "layer_11": 0.9228085875511169}, "layer_11": {"layer_0": 7.707711696624756, "layer_1": 5.618807792663574, "layer_2": 4.236011028289795, "layer_3": 3.427037477493286, "layer_4": 2.8196728229522705, "layer_5": 2.430675983428955, "layer_6": 2.1811420917510986, "layer_7": 1.9833136796951294, "layer_8": 1.8769325017929077, "layer_9": 1.548642635345459, "layer_10": 1.388158917427063, "layer_11": 0.9228085875511169}}, "kl": {"layer_0": {"layer_0": 0.0, "layer_1": 0.0, "layer_2": 0.0, "layer_3": 0.0, "layer_4": 0.0, "layer_5": 0.0, "layer_6": 0.0, "layer_7": 0.0, "layer_8": 0.0, "layer_9": 0.0, "layer_10": 0.0, "layer_11": 0.0}, "layer_1": {"layer_0": 0.0, "layer_1": 0.0, "layer_2": 0.0, "layer_3": 0.0, "layer_4": 0.0, "layer_5": 0.0, "layer_6": 0.0, "layer_7": 0.0, "layer_8": 0.0, "layer_9": 0.0, "layer_10": 0.0, "layer_11": 0.0}, "layer_2": {"layer_0": 0.0, "layer_1": 0.0, "layer_2": 0.0, "layer_3": 0.0, "layer_4": 0.0, "layer_5": 0.0, "layer_6": 0.0, "layer_7": 0.0, "layer_8": 0.0, "layer_9": 0.0, "layer_10": 0.0, "layer_11": 0.0}, "layer_3": {"layer_0": 0.0, "layer_1": 0.0, "layer_2": 0.0, "layer_3": 0.0, "layer_4": 0.0, "layer_5": 0.0, "layer_6": 0.0, "layer_7": 0.0, "layer_8": 0.0, "layer_9": 0.0, "layer_10": 0.0, "layer_11": 0.0}, "layer_4": {"layer_0": 0.0, "layer_1": 0.0, "layer_2": 0.0, "layer_3": 0.0, "layer_4": 0.0, "layer_5": 0.0, "layer_6": 0.0, "layer_7": 0.0, "layer_8": 0.0, "layer_9": 0.0, "layer_10": 0.0, "layer_11": 0.0}, "layer_5": {"layer_0": 0.0, "layer_1": 0.0, "layer_2": 0.0, "layer_3": 0.0, "layer_4": 0.0, "layer_5": 0.0, "layer_6": 0.0, "layer_7": 0.0, "layer_8": 0.0, "layer_9": 0.0, "layer_10": 0.0, "layer_11": 0.0}, "layer_6": {"layer_0": 0.0, "layer_1": 0.0, "layer_2": 0.0, "layer_3": 0.0, "layer_4": 0.0, "layer_5": 0.0, "layer_6": 0.0, "layer_7": 0.0, "layer_8": 0.0, "layer_9": 0.0, "layer_10": 0.0, "layer_11": 0.0}, "layer_7": {"layer_0": 0.0, "layer_1": 0.0, "layer_2": 0.0, "layer_3": 0.0, "layer_4": 0.0, "layer_5": 0.0, "layer_6": 0.0, "layer_7": 0.0, "layer_8": 0.0, "layer_9": 0.0, "layer_10": 0.0, "layer_11": 0.0}, "layer_8": {"layer_0": 0.0, "layer_1": 0.0, "layer_2": 0.0, "layer_3": 0.0, "layer_4": 0.0, "layer_5": 0.0, "layer_6": 0.0, "layer_7": 0.0, "layer_8": 0.0, "layer_9": 0.0, "layer_10": 0.0, "layer_11": 0.0}, "layer_9": {"layer_0": 0.0, "layer_1": 0.0, "layer_2": 0.0, "layer_3": 0.0, "layer_4": 0.0, "layer_5": 0.0, "layer_6": 0.0, "layer_7": 0.0, "layer_8": 0.0, "layer_9": 0.0, "layer_10": 0.0, "layer_11": 0.0}, "layer_10": {"layer_0": 0.0, "layer_1": 0.0, "layer_2": 0.0, "layer_3": 0.0, "layer_4": 0.0, "layer_5": 0.0, "layer_6": 0.0, "layer_7": 0.0, "layer_8": 0.0, "layer_9": 0.0, "layer_10": 0.0,