{"logit": {"ce": {"layer_0": 5.09256649017334, "layer_1": 3.7045607566833496, "layer_2": 3.375044107437134, "layer_3": 3.0608253479003906, "layer_4": 2.9302127361297607, "layer_5": 2.6635234355926514, "layer_6": 2.280106782913208, "layer_7": 1.8835874795913696, "layer_8": 1.7746646404266357, "layer_9": 1.497600793838501, "layer_10": 1.3813585042953491, "layer_11": 1.1016755104064941}, "entropy": {"layer_0": 2.0135574340820312, "layer_1": 2.139936923980713, "layer_2": 2.295851707458496, "layer_3": 2.058372974395752, "layer_4": 1.8525103330612183, "layer_5": 1.690462350845337, "layer_6": 1.5617483854293823, "layer_7": 1.222782850265503, "layer_8": 1.1061376333236694, "layer_9": 0.8819879293441772, "layer_10": 0.780511200428009, "layer_11": 0.637525200843811}, "kl": {"layer_0": 4.267131805419922, "layer_1": 2.879072666168213, "layer_2": 2.551151990890503, "layer_3": 2.2344207763671875, "layer_4": 2.101544141769409, "layer_5": 1.833116888999939, "layer_6": 1.448326587677002, "layer_7": 1.0510510206222534, "layer_8": 0.9402770400047302, "layer_9": 0.6610769629478455, "layer_10": 0.5457965135574341, "layer_11": 0.26859262585639954}, "layer_transfer": {"ce": {"layer_0": {"layer_0": 5.092566967010498, "layer_1": 3.7045607566833496, "layer_2": 3.375044107437134, "layer_3": 3.0608251094818115, "layer_4": 2.9302127361297607, "layer_5": 2.6635234355926514, "layer_6": 2.280106544494629, "layer_7": 1.8835877180099487, "layer_8": 1.7746646404266357, "layer_9": 1.497600793838501, "layer_10": 1.3813585042953491, "layer_11": 1.1016755104064941}, "layer_1": {"layer_0": 5.092566967010498, "layer_1": 3.7045607566833496, "layer_2": 3.375044107437134, "layer_3": 3.0608251094818115, "layer_4": 2.9302127361297607, "layer_5": 2.6635234355926514, "layer_6": 2.280106544494629, "layer_7": 1.8835877180099487, "layer_8": 1.7746646404266357, "layer_9": 1.497600793838501, "layer_10": 1.3813585042953491, "layer_11": 1.1016755104064941}, "layer_2": {"layer_0": 5.092566967010498, "layer_1": 3.7045607566833496, "layer_2": 3.375044107437134, "layer_3": 3.0608251094818115, "layer_4": 2.9302127361297607, "layer_5": 2.6635234355926514, "layer_6": 2.280106544494629, "layer_7": 1.8835877180099487, "layer_8": 1.7746646404266357, "layer_9": 1.497600793838501, "layer_10": 1.3813585042953491, "layer_11": 1.1016755104064941}, "layer_3": {"layer_0": 5.092566967010498, "layer_1": 3.7045607566833496, "layer_2": 3.375044107437134, "layer_3": 3.0608251094818115, "layer_4": 2.9302127361297607, "layer_5": 2.6635234355926514, "layer_6": 2.280106544494629, "layer_7": 1.8835877180099487, "layer_8": 1.7746646404266357, "layer_9": 1.497600793838501, "layer_10": 1.3813585042953491, "layer_11": 1.1016755104064941}, "layer_4": {"layer_0": 5.092566967010498, "layer_1": 3.7045607566833496, "layer_2": 3.375044107437134, "layer_3": 3.0608251094818115, "layer_4": 2.9302127361297607, "layer_5": 2.6635234355926514, "layer_6": 2.280106544494629, "layer_7": 1.8835877180099487, "layer_8": 1.7746646404266357, "layer_9": 1.497600793838501, "layer_10": 1.3813585042953491, "layer_11": 1.1016755104064941}, "layer_5": {"layer_0": 5.092566967010498, "layer_1": 3.7045607566833496, "layer_2": 3.375044107437134, "layer_3": 3.0608251094818115, "layer_4": 2.9302127361297607, "layer_5": 2.6635234355926514, "layer_6": 2.280106544494629, "layer_7": 1.8835877180099487, "layer_8": 1.7746646404266357, "layer_9": 1.497600793838501, "layer_10": 1.3813585042953491, "layer_11": 1.1016755104064941}, "layer_6": {"layer_0": 5.092566967010498, "layer_1": 3.7045607566833496, "layer_2": 3.375044107437134, "layer_3": 3.0608251094818115, "layer_4": 2.9302127361297607, "layer_5": 2.6635234355926514, "layer_6": 2.280106544494629, "layer_7": 1.8835877180099487, "layer_8": 1.7746646404266357, "layer_9": 1.497600793838501, "layer_10": 1.3813585042953491, "layer_11": 1.1016755104064941}, "layer_7": {"layer_0": 5.092566967010498, "layer_1": 3.7045607566833496, "layer_2": 3.375044107437134, "layer_3": 3.0608251094818115, "layer_4": 2.9302127361297607, "layer_5": 2.6635234355926514, "layer_6": 2.280106544494629, "layer_7": 1.8835877180099487, "layer_8": 1.7746646404266357, "layer_9": 1.497600793838501, "layer_10": 1.3813585042953491, "layer_11": 1.1016755104064941}, "layer_8": {"layer_0": 5.092566967010498, "layer_1": 3.7045607566833496, "layer_2": 3.375044107437134, "layer_3": 3.0608251094818115, "layer_4": 2.9302127361297607, "layer_5": 2.6635234355926514, "layer_6": 2.280106544494629, "layer_7": 1.8835877180099487, "layer_8": 1.7746646404266357, "layer_9": 1.497600793838501, "layer_10": 1.3813585042953491, "layer_11": 1.1016755104064941}, "layer_9": {"layer_0": 5.092566967010498, "layer_1": 3.7045607566833496, "layer_2": 3.375044107437134, "layer_3": 3.0608251094818115, "layer_4": 2.9302127361297607, "layer_5": 2.6635234355926514, "layer_6": 2.280106544494629, "layer_7": 1.8835877180099487, "layer_8": 1.7746646404266357, "layer_9": 1.497600793838501, "layer_10": 1.3813585042953491, "layer_11": 1.1016755104064941}, "layer_10": {"layer_0": 5.092566967010498, "layer_1": 3.7045607566833496, "layer_2": 3.375044107437134, "layer_3": 3.0608251094818115, "layer_4": 2.9302127361297607, "layer_5": 2.6635234355926514, "layer_6": 2.280106544494629, "layer_7": 1.8835877180099487, "layer_8": 1.7746646404266357, "layer_9": 1.497600793838501, "layer_10": 1.3813585042953491, "layer_11": 1.1016755104064941}, "layer_11": {"layer_0": 5.092566967010498, "layer_1": 3.7045607566833496, "layer_2": 3.375044107437134, "layer_3": 3.0608251094818115, "layer_4": 2.9302127361297607, "layer_5": 2.6635234355926514, "layer_6": 2.280106544494629, "layer_7": 1.8835877180099487, "layer_8": 1.7746646404266357, "layer_9": 1.497600793838501, "layer_10": 1.3813585042953491, "layer_11": 1.1016755104064941}}, "kl": {"layer_0": {"layer_0": 0.0, "layer_1": 0.0, "layer_2": 0.0, "layer_3": 0.0, "layer_4": 0.0, "layer_5": 0.0, "layer_6": 0.0, "layer_7": 0.0, "layer_8": 0.0, "layer_9": 0.0, "layer_10": 0.0, "layer_11": 0.0}, "layer_1": {"layer_0": 0.0, "layer_1": 0.0, "layer_2": 0.0, "layer_3": 0.0, "layer_4": 0.0, "layer_5": 0.0, "layer_6": 0.0, "layer_7": 0.0, "layer_8": 0.0, "layer_9": 0.0, "layer_10": 0.0, "layer_11": 0.0}, "layer_2": {"layer_0": 0.0, "layer_1": 0.0, "layer_2": 0.0, "layer_3": 0.0, "layer_4": 0.0, "layer_5": 0.0, "layer_6": 0.0, "layer_7": 0.0, "layer_8": 0.0, "layer_9": 0.0, "layer_10": 0.0, "layer_11": 0.0}, "layer_3": {"layer_0": 0.0, "layer_1": 0.0, "layer_2": 0.0, "layer_3": 0.0, "layer_4": 0.0, "layer_5": 0.0, "layer_6": 0.0, "layer_7": 0.0, "layer_8": 0.0, "layer_9": 0.0, "layer_10": 0.0, "layer_11": 0.0}, "layer_4": {"layer_0": 0.0, "layer_1": 0.0, "layer_2": 0.0, "layer_3": 0.0, "layer_4": 0.0, "layer_5": 0.0, "layer_6": 0.0, "layer_7": 0.0, "layer_8": 0.0, "layer_9": 0.0, "layer_10": 0.0, "layer_11": 0.0}, "layer_5": {"layer_0": 0.0, "layer_1": 0.0, "layer_2": 0.0, "layer_3": 0.0, "layer_4": 0.0, "layer_5": 0.0, "layer_6": 0.0, "layer_7": 0.0, "layer_8": 0.0, "layer_9": 0.0, "layer_10": 0.0, "layer_11": 0.0}, "layer_6": {"layer_0": 0.0, "layer_1": 0.0, "layer_2": 0.0, "layer_3": 0.0, "layer_4": 0.0, "layer_5": 0.0, "layer_6": 0.0, "layer_7": 0.0, "layer_8": 0.0, "layer_9": 0.0, "layer_10": 0.0, "layer_11": 0.0}, "layer_7": {"layer_0": 0.0, "layer_1": 0.0, "layer_2": 0.0, "layer_3": 0.0, "layer_4": 0.0, "layer_5": 0.0, "layer_6": 0.0, "layer_7": 0.0, "layer_8": 0.0, "layer_9": 0.0, "layer_10": 0.0, "layer_11": 0.0}, "layer_8": {"layer_0": 0.0, "layer_1": 0.0, "layer_2": 0.0, "layer_3": 0.0, "layer_4": 0.0, "layer_5": 0.0, "layer_6": 0.0, "layer_7": 0.0, "layer_8": 0.0, "layer_9": 0.0, "layer_10": 0.0, "layer_11": 0.0}, "layer_9": {"layer_0": 0.0, "layer_1": 0.0, "layer_2": 0.0, "layer_3": 0.0, "layer_4": 0.0, "layer_5": 0.0, "layer_6": 0.0, "layer_7": 0.0, "layer_8": 0.0, "layer_9": 0.0, "layer_10": 0.0, "layer_11": 0.0}, "layer_10": {"layer_0": 0.0, "layer_1": 0.0, "layer_2": 0.0, "layer_3": 0.0, "layer_4": 0.0, "layer_5": 0.0, "layer_6": 0.0, "layer_7": 0.0,